<?xml version="1.0" encoding="utf-8"?>
<VugenScriptMetadata>
  <ScriptName>DevWeb_AdvantageOnlineShopping</ScriptName>
  <Protocol>DevWeb</Protocol>
  <ActionFiles>
    <FileEntry Name="main.js" Filter="2" />
  </ActionFiles>
  <GeneralFiles>
    <FileEntry Name="DevWeb_AdvantageOnlineShopping.usr" Filter="4" />
    <FileEntry Name="default.cfg" Filter="4" />
    <FileEntry Name="default.usp" Filter="4" />
    <FileEntry Name="parameters.yml" Filter="2" />
    <FileEntry Name="rts.yml" Filter="2" />
    <FileEntry Name="scenario.yml" Filter="2" />
    <FileEntry Name="accounts.txt" Filter="2" />
    <FileEntry Name="transactions.yml" Filter="2" />
    <FileEntry Name="Action.c" Filter="1" />
    <FileEntry Name="Bookmarks.xml" Filter="1" />
    <FileEntry Name="Breakpoints.xml" Filter="1" />
    <FileEntry Name="DevWebSdk.d.ts" Filter="1" />
    <FileEntry Name="info.txt" Filter="1" />
    <FileEntry Name="mdrv_cmd.txt" Filter="1" />
    <FileEntry Name="output.bak" Filter="1" />
    <FileEntry Name="output.txt" Filter="1" />
    <FileEntry Name="OutputColoringDatabase.json" Filter="1" />
    <FileEntry Name="ReplaySummaryReport.xml" Filter="1" />
    <FileEntry Name="replay_summary.json" Filter="1" />
    <FileEntry Name="ScriptUploadMetadata.xml" Filter="1" />
    <FileEntry Name="tsconfig.json" Filter="1" />
    <FileEntry Name="UserTasks.xml" Filter="1" />
    <FileEntry Name="vuser_end.c" Filter="1" />
    <FileEntry Name="vuser_init.c" Filter="1" />
    <FileEntry Name=".idea\" Filter="1" />
    <FileEntry Name="results\" Filter="1" />
  </GeneralFiles>
</VugenScriptMetadata>